[
    {
        "index": 0,
        "soal": "Bagai anak  ... kehilangan induknya",
        "jawaban": "ayam "
    },
    {
        "index": 1,
        "soal": "Bagai air di  ... talas",
        "jawaban": "daun "
    },
    {
        "index": 2,
        "soal": "Hidup dikandung  ... mati dikandung tanah",
        "jawaban": "adat "
    },
    {
        "index": 3,
        "soal": "Jauh di  ... , dekat di hati",
        "jawaban": "mata"
    },
    {
        "index": 4,
        "soal": "Tak ada rotan  ... pun jadi",
        "jawaban": "akar "
    },
    {
        "index": 5,
        "soal": "Utang emas boleh dibayar, Utang  ... dibawa mati",
        "jawaban": "budi "
    },
    {
        "index": 6,
        "soal": "Ada udang dibalik  ... ",
        "jawaban": "batu"
    },
    {
        "index": 7,
        "soal": "Ada  ... ada semut",
        "jawaban": "gula "
    },
    {
        "index": 8,
        "soal": "Ada  ... ada api",
        "jawaban": "asap "
    },
    {
        "index": 9,
        "soal": "Bagai  ... dan langit",
        "jawaban": "bumi "
    },
    {
        "index": 10,
        "soal": "Daripada hujan  ... di negeri orang, lebih baik hujan batu di negeri sendiri",
        "jawaban": "emas "
    },
    {
        "index": 11,
        "soal": "Dikasih  ... minta jantung",
        "jawaban": "hati "
    },
    {
        "index": 12,
        "soal": " ... lubang tutup lubang",
        "jawaban": "Gali "
    },
    {
        "index": 13,
        "soal": "Hangat hangat  ... ayam",
        "jawaban": "tahi "
    },
    {
        "index": 14,
        "soal": "Hemat pangkal  ... , rajin pangkal pandai",
        "jawaban": "kaya"
    },
    {
        "index": 15,
        "soal": " ... bertanya sesat dijalan",
        "jawaban": "Malu "
    },
    {
        "index": 16,
        "soal": " ... sudah menjadi bubur",
        "jawaban": "Nasi "
    },
    {
        "index": 17,
        "soal": "Pucuk dicinta  ... pun tiba",
        "jawaban": "ulam "
    },
    {
        "index": 18,
        "soal": "Seperti ilmu  ... makin berisi makin merunduk",
        "jawaban": "padi "
    },
    {
        "index": 19,
        "soal": "Tong  ...  nyaring bunyinya",
        "jawaban": "kosong"
    },
    {
        "index": 20,
        "soal": "Senjata makan  ... ",
        "jawaban": "tuan"
    },
    {
        "index": 21,
        "soal": "Tak ada gading  ...  tak retak",
        "jawaban": "yang"
    },
    {
        "index": 22,
        "soal": "Tak ada rotan, akar pun  ... ",
        "jawaban": "jadi"
    },
    {
        "index": 23,
        "soal": "Tuntutlah  ...  hingga ke negeri Cina",
        "jawaban": "ilmu"
    },
    {
        "index": 24,
        "soal": "Tak ada  ...  akar pun jadi",
        "jawaban": "rotan"
    },
    {
        "index": 25,
        "soal": "Besar  ...  daripada tiang",
        "jawaban": "pasak"
    },
    {
        "index": 26,
        "soal": "Jauh di mata  ...  di hati",
        "jawaban": "dekat"
    },
    {
        "index": 27,
        "soal": "Sepandai-pandainya  ...  melompat, sekali waktu jatuh juga",
        "jawaban": "tupai"
    },
    {
        "index": 28,
        "soal": "Hancur  ...  dikandung tanah, budi baik dikenang juga",
        "jawaban": "badan"
    },
    {
        "index": 29,
        "soal": "Bersatu kita  ... , bercerai kita runtuh",
        "jawaban": "teguh"
    },
    {
        "index": 30,
        "soal": "Besar pasak daripada  ... ",
        "jawaban": "tiang"
    },
    {
        "index": 31,
        "soal": "Habis manis  ...  dibuang",
        "jawaban": "sepah"
    },
    {
        "index": 32,
        "soal": "Hemat pangkal kaya,  ...  pangkal pandai",
        "jawaban": "rajin"
    },
    {
        "index": 33,
        "soal": "Hidup  ...  mati tak hendak/mau",
        "jawaban": "segan"
    },
    {
        "index": 34,
        "soal": "Karena nila setitik,  ...  susu sebelanga",
        "jawaban": "rusak"
    },
    {
        "index": 35,
        "soal": "Lain ladang lain belalang, lain  ...  lain ikannya",
        "jawaban": "lubuk"
    },
    {
        "index": 36,
        "soal": "Menjilat  ...  sendiri",
        "jawaban": "ludah"
    },
    {
        "index": 37,
        "soal": "Memancing di air  ... ",
        "jawaban": "keruh"
    },
    {
        "index": 38,
        "soal": " ...  makan tanaman",
        "jawaban": "Pagar"
    },
    {
        "index": 39,
        "soal": "Seperti kuda  ...  dari pinggitan",
        "jawaban": "lepas"
    },
    {
        "index": 40,
        "soal": "Air beriak tanda tak  ... ",
        "jawaban": "dalam"
    },
    {
        "index": 41,
        "soal": "Ayam berkokok hari  ... ",
        "jawaban": "siang"
    },
    {
        "index": 42,
        "soal": "Bagai air di daun  ... ",
        "jawaban": "talas"
    },
    {
        "index": 43,
        "soal": "Bagai  ...  dalam tempurung",
        "jawaban": "katak"
    },
    {
        "index": 44,
        "soal": "Di mana bumi di  ...  disitu langit dijunjung",
        "jawaban": "pijak"
    },
    {
        "index": 45,
        "soal": "Guru kencing berdiri,  ...  kencing berlari",
        "jawaban": "murid"
    },
    {
        "index": 46,
        "soal": "Kecil-kecil cabai  ... ",
        "jawaban": "rawit"
    },
    {
        "index": 47,
        "soal": "Sudah  ...  tertimpa tangga",
        "jawaban": "jatuh"
    },
    {
        "index": 48,
        "soal": "Sambil menyelam  ...  air",
        "jawaban": "minum"
    },
    {
        "index": 49,
        "soal": "Seperti ayam kehilangan  ... ",
        "jawaban": "induk"
    },
    {
        "index": 50,
        "soal": "Sedia payung sebelum  ... ",
        "jawaban": "hujan"
    },
    {
        "index": 51,
        "soal": "Sedikit demi sedikit lama-lama menjadi  ... ",
        "jawaban": "bukit"
    },
    {
        "index": 52,
        "soal": " ... mati dilumbung padi",
        "jawaban": "Tikus "
    },
    {
        "index": 53,
        "soal": " ...  ke bawah tumpul ke atas",
        "jawaban": "Tajam"
    },
    {
        "index": 54,
        "soal": " ...  adalah uang",
        "jawaban": "Waktu"
    },
    {
        "index": 55,
        "soal": "Badai  ...  berlalu",
        "jawaban": "pasti"
    },
    {
        "index": 56,
        "soal": " ...  dalam selimut",
        "jawaban": "Musuh"
    },
    {
        "index": 57,
        "soal": "Umur setahun jagung,  ...  setapuk pinang",
        "jawaban": "darah"
    },
    {
        "index": 58,
        "soal": "Bagaikan  ...  dalam sangkar",
        "jawaban": "burung"
    },
    {
        "index": 59,
        "soal": "Ada uang ada  ... ",
        "jawaban": "barang"
    },
    {
        "index": 60,
        "soal": "Air  ...  tanda tak dalam",
        "jawaban": "beriak"
    },
    {
        "index": 61,
        "soal": "Bagai  ...  dibelah dua",
        "jawaban": "pinang"
    },
    {
        "index": 62,
        "soal": "Diam  ...  bahasa",
        "jawaban": "seribu"
    },
    {
        "index": 63,
        "soal": "Harimau mati meninggalkan  ... , gajah mati meninggalkan gading",
        "jawaban": "belang"
    },
    {
        "index": 64,
        "soal": " ... lupa akan kulitnya",
        "jawaban": "Kacang "
    },
    {
        "index": 65,
        "soal": " ... batu sembunyi tangan",
        "jawaban": "Lempar "
    },
    {
        "index": 66,
        "soal": "Air  ...  menghanyutkan",
        "jawaban": "tenang"
    },
    {
        "index": 67,
        "soal": "Datang tak dijemput  ...  tidak diantar",
        "jawaban": "pulang"
    },
    {
        "index": 68,
        "soal": "Dari  ...  yang jernih tak akan mengalir air yang keruh",
        "jawaban": "telaga"
    },
    {
        "index": 69,
        "soal": " ...  badan dikandung tanah budi baik terkenang juga",
        "jawaban": "Hancur"
    },
    {
        "index": 70,
        "soal": " ...  batu sembunyi tangan",
        "jawaban": "Lempar"
    },
    {
        "index": 71,
        "soal": " ...  berbulu ayam",
        "jawaban": "Musang"
    },
    {
        "index": 72,
        "soal": "Tak ada  ...  yang tak retak",
        "jawaban": "gading"
    },
    {
        "index": 73,
        "soal": "Tua-tua  ...  makin tua makin menjadi",
        "jawaban": "keladi"
    },
    {
        "index": 74,
        "soal": "Berat sama  ... , ringan sama dijinjing",
        "jawaban": "dipikul"
    },
    {
        "index": 75,
        "soal": "Bagai  ...  merindukan bulan",
        "jawaban": "pungguk"
    },
    {
        "index": 76,
        "soal": "Air susu  ...  dengan air tuba",
        "jawaban": "dibalas"
    },
    {
        "index": 77,
        "soal": "Bagai burung dalam  ... ",
        "jawaban": "sangkar"
    },
    {
        "index": 78,
        "soal": "Berguru kepalang ajar seperti bunga  ...  tak jadi",
        "jawaban": "kembang"
    },
    {
        "index": 79,
        "soal": "Anjing menggonggong kafilah  ... ",
        "jawaban": "berlalu"
    },
    {
        "index": 80,
        "soal": "Dunia tak  ...  daun kelor",
        "jawaban": "selebar"
    },
    {
        "index": 81,
        "soal": "Gajah di  ...  mata tak tampat, semut diseberang lautan tampak",
        "jawaban": "pelupuk"
    },
    {
        "index": 82,
        "soal": "Gajah mati meninggalkan gading,  ...  mati meninggalkan belang",
        "jawaban": "harimau"
    },
    {
        "index": 83,
        "soal": "Menepuk air di dulang, terpercik muka  ... ",
        "jawaban": "sendiri"
    },
    {
        "index": 84,
        "soal": "Seperti pinang  ...  dua",
        "jawaban": "dibelah"
    },
    {
        "index": 85,
        "soal": "Bagai air di  ...  talas",
        "jawaban": "daun"
    },
    {
        "index": 86,
        "soal": "Dari semak ke  ... ",
        "jawaban": "belukar"
    },
    {
        "index": 87,
        "soal": "Daripada hidup bercermin  ... , lebih baik mati berkalang tanah",
        "jawaban": "bangkai"
    },
    {
        "index": 88,
        "soal": "Habis  ...  sepah dibuang",
        "jawaban": "manis"
    },
    {
        "index": 89,
        "soal": "Jauh di  ... , dekat di hati",
        "jawaban": "mata"
    },
    {
        "index": 90,
        "soal": "Maksud hati  ...  gunung, apa daya tangan tak sampai",
        "jawaban": "memeluk"
    },
    {
        "index": 91,
        "soal": "Malu  ...  sesat di jalan",
        "jawaban": "bertanya"
    },
    {
        "index": 92,
        "soal": "Sambil  ...  minum air",
        "jawaban": "menyelam"
    },
    {
        "index": 93,
        "soal": "Ada uang abang di  ... , tak ada uang abang melayang",
        "jawaban": "sayang"
    },
    {
        "index": 94,
        "soal": "Air susu dibalas dengan  ... ",
        "jawaban": "air tuba"
    },
    {
        "index": 95,
        "soal": "Kacang lupa akan  ... ",
        "jawaban": "kulitnya"
    },
    {
        "index": 96,
        "soal": " ...  air ludah",
        "jawaban": "Menjilat"
    },
    {
        "index": 97,
        "soal": " ...  berburu/berbulu domba",
        "jawaban": "Serigala"
    },
    {
        "index": 98,
        "soal": "Lidah tak  ... ",
        "jawaban": "bertulang"
    },
    {
        "index": 99,
        "soal": "Selama hayat masih di  ...  badan",
        "jawaban": "kandung"
    },
    {
        "index": 100,
        "soal": "Jangan  ...  di air keruh",
        "jawaban": "bercermin"
    },
    {
        "index": 101,
        "soal": "Selama janur kuning belum  ... , maka aku akan selalu mengejarmu demi mendapatkan cintamu",
        "jawaban": "melengkung"
    },
    {
        "index": 102,
        "soal": "Bagai makan  ...  simalakama",
        "jawaban": "buah"
    }
]