[{"status":200,"message":"success","result":{"nama":"Fransium","lambang":"Fr"}},{"status":200,"message":"success","result":{"nama":"Zirkonium","lambang":"Zr"}},{"status":200,"message":"success","result":{"nama":"Rutherfordium","lambang":"Rf"}},{"status":200,"message":"success","result":{"nama":"Brom","lambang":"Br"}},{"status":200,"message":"success","result":{"nama":"Astatin","lambang":"At"}},{"status":200,"message":"success","result":{"nama":"Astatin","lambang":"At"}},{"status":200,"message":"success","result":{"nama":"Lawrensium","lambang":"Lr"}},{"status":200,"message":"success","result":{"nama":"Sesium","lambang":"Cs"}},{"status":200,"message":"success","result":{"nama":"Bismut","lambang":"Bi"}},{"status":200,"message":"success","result":{"nama":"Brom","lambang":"Br"}},{"status":200,"message":"success","result":{"nama":"Emas","lambang":"Au"}},{"status":200,"message":"success","result":{"nama":"Mangan","lambang":"Mn"}},{"status":200,"message":"success","result":{"nama":"Brom","lambang":"Br"}},{"status":200,"message":"success","result":{"nama":"Germanium","lambang":"Ge"}},{"status":200,"message":"success","result":{"nama":"Dubnium","lambang":"Db"}},{"status":200,"message":"success","result":{"nama":"Molibden","lambang":"Mo"}},{"status":200,"message":"success","result":{"nama":"Paladium","lambang":"Pd"}},{"status":200,"message":"success","result":{"nama":"Lawrensium","lambang":"Lr"}},{"status":200,"message":"success","result":{"nama":"Indium","lambang":"In"}},{"status":200,"message":"success","result":{"nama":"Terbium","lambang":"Tb"}},{"status":200,"message":"success","result":{"nama":"Yodium","lambang":"I"}},{"status":200,"message":"success","result":{"nama":"Oganeson","lambang":"Og"}},{"status":200,"message":"success","result":{"nama":"Kalium","lambang":"K"}},{"status":200,"message":"success","result":{"nama":"Tembaga","lambang":"Cu"}},{"status":200,"message":"success","result":{"nama":"Vanadium","lambang":"V"}},{"status":200,"message":"success","result":{"nama":"Kadmium","lambang":"Cd"}},{"status":200,"message":"success","result":{"nama":"Hassium","lambang":"Hs"}},{"status":200,"message":"success","result":{"nama":"Seaborgium","lambang":"Sg"}},{"status":200,"message":"success","result":{"nama":"Neodimium","lambang":"Nd"}},{"status":200,"message":"success","result":{"nama":"Meitnerium","lambang":"Mt"}},{"status":200,"message":"success","result":{"nama":"Aktinium","lambang":"Ac"}},{"status":200,"message":"success","result":{"nama":"Iridium","lambang":"I"}},{"status":200,"message":"success","result":{"nama":"Iridium","lambang":"I"}},{"status":200,"message":"success","result":{"nama":"Hafnium","lambang":"Hf"}},{"status":200,"message":"success","result":{"nama":"Darmstadtium","lambang":"Ds"}},{"status":200,"message":"success","result":{"nama":"Galium","lambang":"Ga"}},{"status":200,"message":"success","result":{"nama":"Astatin","lambang":"At"}},{"status":200,"message":"success","result":{"nama":"Aluminium","lambang":"Al"}},{"status":200,"message":"success","result":{"nama":"Osmium","lambang":"Os"}},{"status":200,"message":"success","result":{"nama":"Teknetium","lambang":"Tc"}},{"status":200,"message":"success","result":{"nama":"Terbium","lambang":"Tb"}},{"status":200,"message":"success","result":{"nama":"Lantanum","lambang":"La"}},{"status":200,"message":"success","result":{"nama":"Strontium","lambang":"Sr"}},{"status":200,"message":"success","result":{"nama":"Vanadium","lambang":"V"}},{"status":200,"message":"success","result":{"nama":"Rubidium","lambang":"Rb"}},{"status":200,"message":"success","result":{"nama":"Nitrogen","lambang":"N"}},{"status":200,"message":"success","result":{"nama":"Uranium","lambang":"U"}},{"status":200,"message":"success","result":{"nama":"Seaborgium","lambang":"Sg"}},{"status":200,"message":"success","result":{"nama":"Skandium","lambang":"Sc"}},{"status":200,"message":"success","result":{"nama":"Germanium","lambang":"Ge"}},{"status":200,"message":"success","result":{"nama":"Uranium","lambang":"U"}},{"status":200,"message":"success","result":{"nama":"Nitrogen","lambang":"N"}},{"status":200,"message":"success","result":{"nama":"Bismut","lambang":"Bi"}},{"status":200,"message":"success","result":{"nama":"Vanadium","lambang":"V"}},{"status":200,"message":"success","result":{"nama":"Aluminium","lambang":"Al"}},{"status":200,"message":"success","result":{"nama":"Mendelevium","lambang":"Md"}},{"status":200,"message":"success","result":{"nama":"Erbium","lambang":"Er"}},{"status":200,"message":"success","result":{"nama":"Moscovium","lambang":"Mc"}},{"status":200,"message":"success","result":{"nama":"Neptunium","lambang":"Np"}},{"status":200,"message":"success","result":{"nama":"Hassium","lambang":"Hs"}},{"status":200,"message":"success","result":{"nama":"Holmium","lambang":"Ho"}},{"status":200,"message":"success","result":{"nama":"Besi","lambang":"Fe"}},{"status":200,"message":"success","result":{"nama":"Moscovium","lambang":"Mc"}},{"status":200,"message":"success","result":{"nama":"Argon","lambang":"Ar"}},{"status":200,"message":"success","result":{"nama":"Perak","lambang":"Ag"}},{"status":200,"message":"success","result":{"nama":"Skandium","lambang":"Sc"}},{"status":200,"message":"success","result":{"nama":"Kopernisium","lambang":"Cn"}},{"status":200,"message":"success","result":{"nama":"Lutetium","lambang":"Lu"}},{"status":200,"message":"success","result":{"nama":"Neodimium","lambang":"Nd"}},{"status":200,"message":"success","result":{"nama":"Tantalum","lambang":"Ta"}},{"status":200,"message":"success","result":{"nama":"Helium","lambang":"He"}},{"status":200,"message":"success","result":{"nama":"Kurium","lambang":"Cm"}},{"status":200,"message":"success","result":{"nama":"Antimon","lambang":"Sb"}},{"status":200,"message":"success","result":{"nama":"Astatin","lambang":"At"}},{"status":200,"message":"success","result":{"nama":"Perak","lambang":"Ag"}},{"status":200,"message":"success","result":{"nama":"Berilium","lambang":"Be"}},{"status":200,"message":"success","result":{"nama":"Fermium","lambang":"Fm"}},{"status":200,"message":"success","result":{"nama":"Germanium","lambang":"Ge"}},{"status":200,"message":"success","result":{"nama":"Yodium","lambang":"I"}},{"status":200,"message":"success","result":{"nama":"Klor","lambang":"Cl"}},{"status":200,"message":"success","result":{"nama":"Galium","lambang":"Ga"}},{"status":200,"message":"success","result":{"nama":"Meitnerium","lambang":"Mt"}},{"status":200,"message":"success","result":{"nama":"Seng","lambang":"Zn"}},{"status":200,"message":"success","result":{"nama":"Perak","lambang":"Ag"}},{"status":200,"message":"success","result":{"nama":"Vanadium","lambang":"V"}},{"status":200,"message":"success","result":{"nama":"Niobium","lambang":"Nb"}},{"status":200,"message":"success","result":{"nama":"Kobalt","lambang":"Co"}},{"status":200,"message":"success","result":{"nama":"Boron","lambang":"B"}},{"status":200,"message":"success","result":{"nama":"Xenon","lambang":"Xe"}},{"status":200,"message":"success","result":{"nama":"Krom","lambang":"Cr"}},{"status":200,"message":"success","result":{"nama":"Polonium","lambang":"Po"}},{"status":200,"message":"success","result":{"nama":"Bohrium","lambang":"Bh"}},{"status":200,"message":"success","result":{"nama":"Klor","lambang":"Cl"}},{"status":200,"message":"success","result":{"nama":"Nikel","lambang":"Ni"}},{"status":200,"message":"success","result":{"nama":"Wolfram","lambang":"W"}},{"status":200,"message":"success","result":{"nama":"Belerang","lambang":"S"}},{"status":200,"message":"success","result":{"nama":"Lawrensium","lambang":"Lr"}},{"status":200,"message":"success","result":{"nama":"Darmstadtium","lambang":"Ds"}},{"status":200,"message":"success","result":{"nama":"Nitrogen","lambang":"N"}},{"status":200,"message":"success","result":{"nama":"Seaborgium","lambang":"Sg"}},{"status":200,"message":"success","result":{"nama":"Rutenium","lambang":"Ru"}},{"status":200,"message":"success","result":{"nama":"Polonium","lambang":"Po"}},{"status":200,"message":"success","result":{"nama":"Uranium","lambang":"U"}},{"status":200,"message":"success","result":{"nama":"Helium","lambang":"He"}},{"status":200,"message":"success","result":{"nama":"Xenon","lambang":"Xe"}},{"status":200,"message":"success","result":{"nama":"Lantanum","lambang":"La"}},{"status":200,"message":"success","result":{"nama":"Holmium","lambang":"Ho"}},{"status":200,"message":"success","result":{"nama":"Aktinium","lambang":"Ac"}},{"status":200,"message":"success","result":{"nama":"Kalsium","lambang":"Ca"}},{"status":200,"message":"success","result":{"nama":"Flerovium","lambang":"Fl"}},{"status":200,"message":"success","result":{"nama":"Kripton","lambang":"Kr"}},{"status":200,"message":"success","result":{"nama":"Mendelevium","lambang":"Md"}},{"status":200,"message":"success","result":{"nama":"Arsenik","lambang":"As"}},{"status":200,"message":"success","result":{"nama":"Kadmium","lambang":"Cd"}},{"status":200,"message":"success","result":{"nama":"Nobelium","lambang":"No"}},{"status":200,"message":"success","result":{"nama":"Tulium","lambang":"Tm"}},{"status":200,"message":"success","result":{"nama":"Sesium","lambang":"Cs"}},{"status":200,"message":"success","result":{"nama":"Kurium","lambang":"Cm"}},{"status":200,"message":"success","result":{"nama":"Prometium","lambang":"Pm"}},{"status":200,"message":"success","result":{"nama":"Lantanum","lambang":"La"}},{"status":200,"message":"success","result":{"nama":"Serium","lambang":"Ce"}},{"status":200,"message":"success","result":{"nama":"Amerisium","lambang":"Am"}},{"status":200,"message":"success","result":{"nama":"Aluminium","lambang":"Al"}},{"status":200,"message":"success","result":{"nama":"Krom","lambang":"Cr"}},{"status":200,"message":"success","result":{"nama":"Nobelium","lambang":"No"}},{"status":200,"message":"success","result":{"nama":"Fransium","lambang":"Fr"}},{"status":200,"message":"success","result":{"nama":"Titanium","lambang":"Ti"}},{"status":200,"message":"success","result":{"nama":"Berilium","lambang":"Be"}},{"status":200,"message":"success","result":{"nama":"Moscovium","lambang":"Mc"}},{"status":200,"message":"success","result":{"nama":"Kalium","lambang":"K"}},{"status":200,"message":"success","result":{"nama":"Barium","lambang":"Ba"}},{"status":200,"message":"success","result":{"nama":"Boron","lambang":"B"}},{"status":200,"message":"success","result":{"nama":"Hafnium","lambang":"Hf"}},{"status":200,"message":"success","result":{"nama":"Telurium","lambang":"Te"}},{"status":200,"message":"success","result":{"nama":"Nobelium","lambang":"No"}},{"status":200,"message":"success","result":{"nama":"Samarium","lambang":"Sm"}},{"status":200,"message":"success","result":{"nama":"Astatin","lambang":"At"}},{"status":200,"message":"success","result":{"nama":"Molibden","lambang":"Mo"}},{"status":200,"message":"success","result":{"nama":"Gadolinium","lambang":"Gd"}},{"status":200,"message":"success","result":{"nama":"Tulium","lambang":"Tm"}},{"status":200,"message":"success","result":{"nama":"Germanium","lambang":"Ge"}},{"status":200,"message":"success","result":{"nama":"Tembaga","lambang":"Cu"}},{"status":200,"message":"success","result":{"nama":"Kalium","lambang":"K"}},{"status":200,"message":"success","result":{"nama":"Telurium","lambang":"Te"}},{"status":200,"message":"success","result":{"nama":"Strontium","lambang":"Sr"}},{"status":200,"message":"success","result":{"nama":"Gadolinium","lambang":"Gd"}},{"status":200,"message":"success","result":{"nama":"Antimon","lambang":"Sb"}},{"status":200,"message":"success","result":{"nama":"Platina","lambang":"Pt"}},{"status":200,"message":"success","result":{"nama":"Kalifornium","lambang":"Cf"}},{"status":200,"message":"success","result":{"nama":"Galium","lambang":"Ga"}},{"status":200,"message":"success","result":{"nama":"Fermium","lambang":"Fm"}},{"status":200,"message":"success","result":{"nama":"Berilium","lambang":"Be"}},{"status":200,"message":"success","result":{"nama":"Samarium","lambang":"Sm"}},{"status":200,"message":"success","result":{"nama":"Moscovium","lambang":"Mc"}},{"status":200,"message":"success","result":{"nama":"Mendelevium","lambang":"Md"}},{"status":200,"message":"success","result":{"nama":"Perak","lambang":"Ag"}},{"status":200,"message":"success","result":{"nama":"Fluor","lambang":"F"}},{"status":200,"message":"success","result":{"nama":"Seaborgium","lambang":"Sg"}},{"status":200,"message":"success","result":{"nama":"Sesium","lambang":"Cs"}},{"status":200,"message":"success","result":{"nama":"Arsenik","lambang":"As"}},{"status":200,"message":"success","result":{"nama":"Disprosium","lambang":"Dy"}},{"status":200,"message":"success","result":{"nama":"Oksigen","lambang":"O"}},{"status":200,"message":"success","result":{"nama":"Rutenium","lambang":"Ru"}},{"status":200,"message":"success","result":{"nama":"Iridium","lambang":"I"}},{"status":200,"message":"success","result":{"nama":"Besi","lambang":"Fe"}},{"status":200,"message":"success","result":{"nama":"Bismut","lambang":"Bi"}},{"status":200,"message":"success","result":{"nama":"Seaborgium","lambang":"Sg"}},{"status":200,"message":"success","result":{"nama":"Yodium","lambang":"I"}},{"status":200,"message":"success","result":{"nama":"Helium","lambang":"He"}},{"status":200,"message":"success","result":{"nama":"Talium","lambang":"Tl"}},{"status":200,"message":"success","result":{"nama":"Karbon","lambang":"C"}},{"status":200,"message":"success","result":{"nama":"Prometium","lambang":"Pm"}},{"status":200,"message":"success","result":{"nama":"Brom","lambang":"Br"}},{"status":200,"message":"success","result":{"nama":"Belerang","lambang":"S"}},{"status":200,"message":"success","result":{"nama":"Torium","lambang":"Th"}},{"status":200,"message":"success","result":{"nama":"Dubnium","lambang":"Db"}},{"status":200,"message":"success","result":{"nama":"Iterbium","lambang":"Yb"}},{"status":200,"message":"success","result":{"nama":"Raksa","lambang":"Hg"}},{"status":200,"message":"success","result":{"nama":"Fosfor","lambang":"P"}},{"status":200,"message":"success","result":{"nama":"Neon","lambang":"Ne"}},{"status":200,"message":"success","result":{"nama":"Galium","lambang":"Ga"}},{"status":200,"message":"success","result":{"nama":"Mangan","lambang":"Mn"}},{"status":200,"message":"success","result":{"nama":"Kripton","lambang":"Kr"}},{"status":200,"message":"success","result":{"nama":"Tantalum","lambang":"Ta"}},{"status":200,"message":"success","result":{"nama":"Prometium","lambang":"Pm"}},{"status":200,"message":"success","result":{"nama":"Hidrogen","lambang":"H"}},{"status":200,"message":"success","result":{"nama":"Neptunium","lambang":"Np"}},{"status":200,"message":"success","result":{"nama":"Einsteinium","lambang":"Es"}},{"status":200,"message":"success","result":{"nama":"Gadolinium","lambang":"Gd"}},{"status":200,"message":"success","result":{"nama":"Telurium","lambang":"Te"}},{"status":200,"message":"success","result":{"nama":"Mangan","lambang":"Mn"}},{"status":200,"message":"success","result":{"nama":"Berilium","lambang":"Be"}},{"status":200,"message":"success","result":{"nama":"Prometium","lambang":"Pm"}},{"status":200,"message":"success","result":{"nama":"Brom","lambang":"Br"}},{"status":200,"message":"success","result":{"nama":"Mendelevium","lambang":"Md"}},{"status":200,"message":"success","result":{"nama":"Klor","lambang":"Cl"}},{"status":200,"message":"success","result":{"nama":"Uranium","lambang":"U"}},{"status":200,"message":"success","result":{"nama":"Kalifornium","lambang":"Cf"}},{"status":200,"message":"success","result":{"nama":"Berilium","lambang":"Be"}},{"status":200,"message":"success","result":{"nama":"Rodium","lambang":"Rh"}},{"status":200,"message":"success","result":{"nama":"Nobelium","lambang":"No"}},{"status":200,"message":"success","result":{"nama":"Selenium","lambang":"Se"}},{"status":200,"message":"success","result":{"nama":"Iterbium","lambang":"Yb"}},{"status":200,"message":"success","result":{"nama":"Fermium","lambang":"Fm"}},{"status":200,"message":"success","result":{"nama":"Hafnium","lambang":"Hf"}},{"status":200,"message":"success","result":{"nama":"Xenon","lambang":"Xe"}},{"status":200,"message":"success","result":{"nama":"Galium","lambang":"Ga"}},{"status":200,"message":"success","result":{"nama":"Krom","lambang":"Cr"}},{"status":200,"message":"success","result":{"nama":"Talium","lambang":"Tl"}},{"status":200,"message":"success","result":{"nama":"Tulium","lambang":"Tm"}},{"status":200,"message":"success","result":{"nama":"Einsteinium","lambang":"Es"}},{"status":200,"message":"success","result":{"nama":"Darmstadtium","lambang":"Ds"}},{"status":200,"message":"success","result":{"nama":"Neon","lambang":"Ne"}},{"status":200,"message":"success","result":{"nama":"Darmstadtium","lambang":"Ds"}},{"status":200,"message":"success","result":{"nama":"Niobium","lambang":"Nb"}},{"status":200,"message":"success","result":{"nama":"Mendelevium","lambang":"Md"}},{"status":200,"message":"success","result":{"nama":"Telurium","lambang":"Te"}},{"status":200,"message":"success","result":{"nama":"Disprosium","lambang":"Dy"}},{"status":200,"message":"success","result":{"nama":"Polonium","lambang":"Po"}},{"status":200,"message":"success","result":{"nama":"Sesium","lambang":"Cs"}},{"status":200,"message":"success","result":{"nama":"Terbium","lambang":"Tb"}},{"status":200,"message":"success","result":{"nama":"Molibden","lambang":"Mo"}},{"status":200,"message":"success","result":{"nama":"Magnesium","lambang":"Mg"}},{"status":200,"message":"success","result":{"nama":"Niobium","lambang":"Nb"}},{"status":200,"message":"success","result":{"nama":"Hassium","lambang":"Hs"}},{"status":200,"message":"success","result":{"nama":"Oksigen","lambang":"O"}},{"status":200,"message":"success","result":{"nama":"Titanium","lambang":"Ti"}},{"status":200,"message":"success","result":{"nama":"Titanium","lambang":"Ti"}},{"status":200,"message":"success","result":{"nama":"Strontium","lambang":"Sr"}},{"status":200,"message":"success","result":{"nama":"Raksa","lambang":"Hg"}},{"status":200,"message":"success","result":{"nama":"Erbium","lambang":"Er"}},{"status":200,"message":"success","result":{"nama":"Meitnerium","lambang":"Mt"}},{"status":200,"message":"success","result":{"nama":"Kobalt","lambang":"Co"}},{"status":200,"message":"success","result":{"nama":"Berilium","lambang":"Be"}},{"status":200,"message":"success","result":{"nama":"Neon","lambang":"Ne"}},{"status":200,"message":"success","result":{"nama":"Kripton","lambang":"Kr"}},{"status":200,"message":"success","result":{"nama":"Raksa","lambang":"Hg"}},{"status":200,"message":"success","result":{"nama":"Telurium","lambang":"Te"}},{"status":200,"message":"success","result":{"nama":"Xenon","lambang":"Xe"}},{"status":200,"message":"success","result":{"nama":"Kalsium","lambang":"Ca"}},{"status":200,"message":"success","result":{"nama":"Kurium","lambang":"Cm"}},{"status":200,"message":"success","result":{"nama":"Arsenik","lambang":"As"}},{"status":200,"message":"success","result":{"nama":"Wolfram","lambang":"W"}},{"status":200,"message":"success","result":{"nama":"Fluor","lambang":"F"}},{"status":200,"message":"success","result":{"nama":"Terbium","lambang":"Tb"}},{"status":200,"message":"success","result":{"nama":"Gadolinium","lambang":"Gd"}},{"status":200,"message":"success","result":{"nama":"Raksa","lambang":"Hg"}},{"status":200,"message":"success","result":{"nama":"Germanium","lambang":"Ge"}},{"status":200,"message":"success","result":{"nama":"Kalifornium","lambang":"Cf"}},{"status":200,"message":"success","result":{"nama":"Iridium","lambang":"I"}},{"status":200,"message":"success","result":{"nama":"Torium","lambang":"Th"}},{"status":200,"message":"success","result":{"nama":"Kopernisium","lambang":"Cn"}},{"status":200,"message":"success","result":{"nama":"Hidrogen","lambang":"H"}},{"status":200,"message":"success","result":{"nama":"Emas","lambang":"Au"}},{"status":200,"message":"success","result":{"nama":"Molibden","lambang":"Mo"}},{"status":200,"message":"success","result":{"nama":"Yodium","lambang":"I"}},{"status":200,"message":"success","result":{"nama":"Astatin","lambang":"At"}},{"status":200,"message":"success","result":{"nama":"Silikon","lambang":"Si"}},{"status":200,"message":"success","result":{"nama":"Neptunium","lambang":"Np"}},{"status":200,"message":"success","result":{"nama":"Polonium","lambang":"Po"}},{"status":200,"message":"success","result":{"nama":"Renium","lambang":"Re"}},{"status":200,"message":"success","result":{"nama":"Niobium","lambang":"Nb"}},{"status":200,"message":"success","result":{"nama":"Rodium","lambang":"Rh"}},{"status":200,"message":"success","result":{"nama":"Barium","lambang":"Ba"}},{"status":200,"message":"success","result":{"nama":"Polonium","lambang":"Po"}},{"status":200,"message":"success","result":{"nama":"Teknetium","lambang":"Tc"}},{"status":200,"message":"success","result":{"nama":"Helium","lambang":"He"}},{"status":200,"message":"success","result":{"nama":"Lutetium","lambang":"Lu"}},{"status":200,"message":"success","result":{"nama":"Nikel","lambang":"Ni"}},{"status":200,"message":"success","result":{"nama":"Perak","lambang":"Ag"}},{"status":200,"message":"success","result":{"nama":"Seaborgium","lambang":"Sg"}},{"status":200,"message":"success","result":{"nama":"Iridium","lambang":"I"}},{"status":200,"message":"success","result":{"nama":"Wolfram","lambang":"W"}},{"status":200,"message":"success","result":{"nama":"Mendelevium","lambang":"Md"}},{"status":200,"message":"success","result":{"nama":"Talium","lambang":"Tl"}},{"status":200,"message":"success","result":{"nama":"Karbon","lambang":"C"}},{"status":200,"message":"success","result":{"nama":"Hafnium","lambang":"Hf"}},{"status":200,"message":"success","result":{"nama":"Protaktinium","lambang":"Pa"}},{"status":200,"message":"success","result":{"nama":"Fransium","lambang":"Fr"}},{"status":200,"message":"success","result":{"nama":"Nobelium","lambang":"No"}},{"status":200,"message":"success","result":{"nama":"Protaktinium","lambang":"Pa"}},{"status":200,"message":"success","result":{"nama":"Oksigen","lambang":"O"}},{"status":200,"message":"success","result":{"nama":"Wolfram","lambang":"W"}},{"status":200,"message":"success","result":{"nama":"Berilium","lambang":"Be"}},{"status":200,"message":"success","result":{"nama":"Protaktinium","lambang":"Pa"}},{"status":200,"message":"success","result":{"nama":"Molibden","lambang":"Mo"}},{"status":200,"message":"success","result":{"nama":"Moscovium","lambang":"Mc"}},{"status":200,"message":"success","result":{"nama":"Berilium","lambang":"Be"}},{"status":200,"message":"success","result":{"nama":"Tulium","lambang":"Tm"}},{"status":200,"message":"success","result":{"nama":"Samarium","lambang":"Sm"}},{"status":200,"message":"success","result":{"nama":"Berkelium","lambang":"Bk"}},{"status":200,"message":"success","result":{"nama":"Timah","lambang":"Sn"}},{"status":200,"message":"success","result":{"nama":"Aluminium","lambang":"Al"}},{"status":200,"message":"success","result":{"nama":"Zirkonium","lambang":"Zr"}},{"status":200,"message":"success","result":{"nama":"Meitnerium","lambang":"Mt"}},{"status":200,"message":"success","result":{"nama":"Kurium","lambang":"Cm"}}]