[
    {
        "creator": "@neoxrs – Wildan Izzudin",
        "status": true,
        "data": {
            "pertanyaan": "Ibu apa yang kalo berdiri bikin orang tersanjung?",
            "jawaban": "Ibu jari"
        }
    },
    {
        "creator": "@neoxrs – Wildan Izzudin",
        "status": true,
        "data": {
            "pertanyaan": "Sebutkan 4 nama buah dalam satu detik?",
            "jawaban": "Rujak"
        }
    },
    {
        "creator": "@neoxrs – Wildan Izzudin",
        "status": true,
        "data": {
            "pertanyaan": "Kalau dikocok putihnya gak keluar, tapi kalau dipencet malah keluar?",
            "jawaban": "Pasta gigi"
        }
    },
    {
        "creator": "@neoxrs – Wildan Izzudin",
        "status": true,
        "data": {
            "pertanyaan": "Hewan apa yang suka pindah rumah?",
            "jawaban": "Siput"
        }
    },
    {
        "creator": "@neoxrs – Wildan Izzudin",
        "status": true,
        "data": {
            "pertanyaan": "Kera apa yang bersaudara?",
            "jawaban": "Kerabat"
        }
    },
    {
        "creator": "@neoxrs – Wildan Izzudin",
        "status": true,
        "data": {
            "pertanyaan": "Kelapa apa yang bikin badan kurus?",
            "jawaban": "Kelaparan"
        }
    },
    {
        "creator": "@neoxrs – Wildan Izzudin",
        "status": true,
        "data": {
            "pertanyaan": "Bentuknya kotak, dipegang empuk, dan bisa dimakan. Apa hayu?",
            "jawaban": "Tahu"
        }
    },
    {
        "creator": "@neoxrs – Wildan Izzudin",
        "status": true,
        "data": {
            "pertanyaan": "Masuk kering, keluar lengket, apa hayu?",
            "jawaban": "Permen karet"
        }
    },
    {
        "creator": "@neoxrs – Wildan Izzudin",
        "status": true,
        "data": {
            "pertanyaan": "Seribu dibagi dua, jadi?",
            "jawaban": "Sobek"
        }
    },
    {
        "creator": "@neoxrs – Wildan Izzudin",
        "status": true,
        "data": {
            "pertanyaan": "Pisau apa yang tidak bisa memotong?",
            "jawaban": "Pisau cukur"
        }
    },
    {
        "creator": "@neoxrs – Wildan Izzudin",
        "status": true,
        "data": {
            "pertanyaan": "Sapi apa yang larinya kenceng dan bisa ngerem?",
            "jawaban": "Sapida motor"
        }
    },
    {
        "creator": "@neoxrs – Wildan Izzudin",
        "status": true,
        "data": {
            "pertanyaan": "Mata apa yang nggak bisa pakai kacamata?",
            "jawaban": "Mata kaki"
        }
    },
    {
        "creator": "@neoxrs – Wildan Izzudin",
        "status": true,
        "data": {
            "pertanyaan": "Ayam apa yang selalu dicari orang?",
            "jawaban": "Ayam hilang"
        }
    },
    {
        "creator": "@neoxrs – Wildan Izzudin",
        "status": true,
        "data": {
            "pertanyaan": "Kencan apa yang paling menyakitkan?",
            "jawaban": "Kencantol kawat"
        }
    },
    {
        "creator": "@neoxrs – Wildan Izzudin",
        "status": true,
        "data": {
            "pertanyaan": "Bunga-bunga apa yang paling mahal?",
            "jawaban": "Bungalow"
        }
    },
    {
        "creator": "@neoxrs – Wildan Izzudin",
        "status": true,
        "data": {
            "pertanyaan": "Gajah mati meninggalkan gading, harimau mati meninggalkan belang, manusia mati meninggalkan?",
            "jawaban": "Hutang"
        }
    },
    {
        "creator": "@neoxrs – Wildan Izzudin",
        "status": true,
        "data": {
            "pertanyaan": "Mata apa yang bisa naklukin banteng?",
            "jawaban": "Matador"
        }
    },
    {
        "creator": "@neoxrs – Wildan Izzudin",
        "status": true,
        "data": {
            "pertanyaan": "Tong…. tong apa yang rasanya enak?",
            "jawaban": "Tongseng"
        }
    },
    {
        "creator": "@neoxrs – Wildan Izzudin",
        "status": true,
        "data": {
            "pertanyaan": "Kepala kepiting adanya dimana?",
            "jawaban": "Diketek"
        }
    },
    {
        "creator": "@neoxrs – Wildan Izzudin",
        "status": true,
        "data": {
            "pertanyaan": "Kue apa yang tengahnya ga ada rasanya?",
            "jawaban": "Donat"
        }
    },
    {
        "creator": "@neoxrs – Wildan Izzudin",
        "status": true,
        "data": {
            "pertanyaan": "Anak apa yang larinya cepet?",
            "jawaban": "Anak panah"
        }
    },
    {
        "creator": "@neoxrs – Wildan Izzudin",
        "status": true,
        "data": {
            "pertanyaan": "Ban itu isinya udara, tetapi ada ban yang isinya udaranya dingin?",
            "jawaban": "Bandung"
        }
    },
    {
        "creator": "@neoxrs – Wildan Izzudin",
        "status": true,
        "data": {
            "pertanyaan": "Kasur apa yang tidak bisa ditidurin?",
            "jawaban": "Kasurupan"
        }
    },
    {
        "creator": "@neoxrs – Wildan Izzudin",
        "status": true,
        "data": {
            "pertanyaan": "Mata apa yang malam hari tutup?",
            "jawaban": "Matahari"
        }
    },
    {
        "creator": "@neoxrs – Wildan Izzudin",
        "status": true,
        "data": {
            "pertanyaan": "Makan gratis, minum gratis bahkan tidur pun juga gratis tapi anehnya tidak ada yang suka, tempat apakah itu?",
            "jawaban": "Penjara"
        }
    },
    {
        "creator": "@neoxrs – Wildan Izzudin",
        "status": true,
        "data": {
            "pertanyaan": "Apa yang dilakukan polisi ditengah jalan?",
            "jawaban": "Tidur"
        }
    },
    {
        "creator": "@neoxrs – Wildan Izzudin",
        "status": true,
        "data": {
            "pertanyaan": "Kera apa yang bersaudara?",
            "jawaban": "Kerabat"
        }
    },
    {
        "creator": "@neoxrs – Wildan Izzudin",
        "status": true,
        "data": {
            "pertanyaan": "Pedas dibalik jadi sedap, sup dibalik jadi apa?",
            "jawaban": "Tumpah"
        }
    },
    {
        "creator": "@neoxrs – Wildan Izzudin",
        "status": true,
        "data": {
            "pertanyaan": "Apa yang pantatnya selalu dihisap?",
            "jawaban": "Rokok"
        }
    },
    {
        "creator": "@neoxrs – Wildan Izzudin",
        "status": true,
        "data": {
            "pertanyaan": "Sapi apa yang bisa nempel ditembok?",
            "jawaban": "Sapiderman"
        }
    },
    {
        "creator": "@neoxrs – Wildan Izzudin",
        "status": true,
        "data": {
            "pertanyaan": "Hewan apa yang punya kelamin lebih dari satu?",
            "jawaban": "Barongsai"
        }
    },
    {
        "creator": "@neoxrs – Wildan Izzudin",
        "status": true,
        "data": {
            "pertanyaan": "Malam apa yang mengerikan?",
            "jawaban": "Malampir"
        }
    },
    {
        "creator": "@neoxrs – Wildan Izzudin",
        "status": true,
        "data": {
            "pertanyaan": "Kutu apa yang paling mengerikan?",
            "jawaban": "Kutukan"
        }
    },
    {
        "creator": "@neoxrs – Wildan Izzudin",
        "status": true,
        "data": {
            "pertanyaan": "Benda apa yang pertumbuhannya dari panjang jadi pendek?",
            "jawaban": "Pensil"
        }
    },
    {
        "creator": "@neoxrs – Wildan Izzudin",
        "status": true,
        "data": {
            "pertanyaan": "Nasi apa yang gak pernah basi?",
            "jawaban": "Nasihat"
        }
    },
    {
        "creator": "@neoxrs – Wildan Izzudin",
        "status": true,
        "data": {
            "pertanyaan": "Ketan apa yang menyakitkan?",
            "jawaban": "Ketancap pisau"
        }
    },
    {
        "creator": "@neoxrs – Wildan Izzudin",
        "status": true,
        "data": {
            "pertanyaan": "Ketan apa yang menyakitkan?",
            "jawaban": "Ketancap pisau"
        }
    },
    {
        "creator": "@neoxrs – Wildan Izzudin",
        "status": true,
        "data": {
            "pertanyaan": "Apa bahasa inggrisnya harimau yang jago main golf?",
            "jawaban": "Tiger wood"
        }
    },
    {
        "creator": "@neoxrs – Wildan Izzudin",
        "status": true,
        "data": {
            "pertanyaan": "Apa arti pribahasa ‘sambil menyelam minum air’?",
            "jawaban": "Tenggelam"
        }
    },
    {
        "creator": "@neoxrs – Wildan Izzudin",
        "status": true,
        "data": {
            "pertanyaan": "Apa yang dilakukan polisi ditengah jalan?",
            "jawaban": "Tidur"
        }
    },
    {
        "creator": "@neoxrs – Wildan Izzudin",
        "status": true,
        "data": {
            "pertanyaan": "Apa yang dipunyai kucing tapi tidak dipunyai hewan laen?",
            "jawaban": "Anak kucing"
        }
    },
    {
        "creator": "@neoxrs – Wildan Izzudin",
        "status": true,
        "data": {
            "pertanyaan": "Bank apa yang malah rugi?",
            "jawaban": "Bankrut"
        }
    },
    {
        "creator": "@neoxrs – Wildan Izzudin",
        "status": true,
        "data": {
            "pertanyaan": "Apa bahasa inggrisnya harimau yang jago main golf?",
            "jawaban": "Tiger wood"
        }
    },
    {
        "creator": "@neoxrs – Wildan Izzudin",
        "status": true,
        "data": {
            "pertanyaan": "Oleh-oleh apa yang dibawa kakek saat pulang dari berendam dilaut?",
            "jawaban": "Telor asin"
        }
    },
    {
        "creator": "@neoxrs – Wildan Izzudin",
        "status": true,
        "data": {
            "pertanyaan": "Bola apa yang bikin kita bingung?",
            "jawaban": "Bolak-balik"
        }
    },
    {
        "creator": "@neoxrs – Wildan Izzudin",
        "status": true,
        "data": {
            "pertanyaan": "Bisa di pegang gak bisa diliat?",
            "jawaban": "Kuping"
        }
    },
    {
        "creator": "@neoxrs – Wildan Izzudin",
        "status": true,
        "data": {
            "pertanyaan": "Apaan yang naik turun dibawah puser?",
            "jawaban": "Resleting"
        }
    },
    {
        "creator": "@neoxrs – Wildan Izzudin",
        "status": true,
        "data": {
            "pertanyaan": "Kerjanya keliling terus setiap hari, tidak pernah capek, siapakah dia?",
            "jawaban": "Jarum jam"
        }
    },
    {
        "creator": "@neoxrs – Wildan Izzudin",
        "status": true,
        "data": {
            "pertanyaan": "Tempe apa yang menyakitkan?",
            "jawaban": "Tempeleng"
        }
    },
    {
        "creator": "@neoxrs – Wildan Izzudin",
        "status": true,
        "data": {
            "pertanyaan": "Sebutkan 4 nama buah dalam satu detik?",
            "jawaban": "Rujak"
        }
    },
    {
        "creator": "@neoxrs – Wildan Izzudin",
        "status": true,
        "data": {
            "pertanyaan": "Hewan apa yang suka pindah rumah?",
            "jawaban": "Siput"
        }
    },
    {
        "creator": "@neoxrs – Wildan Izzudin",
        "status": true,
        "data": {
            "pertanyaan": "Dokter apa yang tidak boleh jatuh cinta pada pasiennya?",
            "jawaban": "Dokter hewan"
        }
    },
    {
        "creator": "@neoxrs – Wildan Izzudin",
        "status": true,
        "data": {
            "pertanyaan": "Apa bahasa arabnya diam ditempat?",
            "jawaban": "Takabur"
        }
    },
    {
        "creator": "@neoxrs – Wildan Izzudin",
        "status": true,
        "data": {
            "pertanyaan": "Sebutkan makanan ala anak punk",
            "jawaban": "Punksit"
        }
    },
    {
        "creator": "@neoxrs – Wildan Izzudin",
        "status": true,
        "data": {
            "pertanyaan": "Jam apa yang sering dipakai dukun?",
            "jawaban": "Jampi-jampi"
        }
    },
    {
        "creator": "@neoxrs – Wildan Izzudin",
        "status": true,
        "data": {
            "pertanyaan": "Es apa yang suka dinaiki orang?",
            "jawaban": "Eskalator"
        }
    },
    {
        "creator": "@neoxrs – Wildan Izzudin",
        "status": true,
        "data": {
            "pertanyaan": "Oleh-oleh apa yang dibawa kakek saat pulang dari berendam dilaut?",
            "jawaban": "Telor asin"
        }
    },
    {
        "creator": "@neoxrs – Wildan Izzudin",
        "status": true,
        "data": {
            "pertanyaan": "Salah apa yang nggak pernah dihukum tapi rasanya sakit banget?",
            "jawaban": "Salah urat"
        }
    },
    {
        "creator": "@neoxrs – Wildan Izzudin",
        "status": true,
        "data": {
            "pertanyaan": "Hewan apa yang punya kelamin lebih dari satu?",
            "jawaban": "Barongsai"
        }
    },
    {
        "creator": "@neoxrs – Wildan Izzudin",
        "status": true,
        "data": {
            "pertanyaan": "Malam apa yang mengerikan?",
            "jawaban": "Malampir"
        }
    },
    {
        "creator": "@neoxrs – Wildan Izzudin",
        "status": true,
        "data": {
            "pertanyaan": "Mata apa yang nggak bisa pakai kacamata?",
            "jawaban": "Mata kaki"
        }
    },
    {
        "creator": "@neoxrs – Wildan Izzudin",
        "status": true,
        "data": {
            "pertanyaan": "Nenek nenek jatuh di kali, munculnya dimana?",
            "jawaban": "Dikoran"
        }
    },
    {
        "creator": "@neoxrs – Wildan Izzudin",
        "status": true,
        "data": {
            "pertanyaan": "Bola apa yang mirip sama kucing?",
            "jawaban": "Bolaemon"
        }
    },
    {
        "creator": "@neoxrs – Wildan Izzudin",
        "status": true,
        "data": {
            "pertanyaan": "Kenapa orang suka berkhayal?",
            "jawaban": "Karena gratis"
        }
    },
    {
        "creator": "@neoxrs – Wildan Izzudin",
        "status": true,
        "data": {
            "pertanyaan": "Ular apa yang bisa senam?",
            "jawaban": "Ularaga"
        }
    },
    {
        "creator": "@neoxrs – Wildan Izzudin",
        "status": true,
        "data": {
            "pertanyaan": "Barang apa yang kalo perlu dibuang, kalo sudah nggak perlu malah diambil?",
            "jawaban": "Jangkar kapal"
        }
    },
    {
        "creator": "@neoxrs – Wildan Izzudin",
        "status": true,
        "data": {
            "pertanyaan": "Bel apa yang tidak pernah berbunyi dan sangat licin?",
            "jawaban": "Belut"
        }
    },
    {
        "creator": "@neoxrs – Wildan Izzudin",
        "status": true,
        "data": {
            "pertanyaan": "Siapa yang hanya punya ‘HAK’ tapi tidak punya ‘Kejwajiban’?",
            "jawaban": "Sepatu"
        }
    },
    {
        "creator": "@neoxrs – Wildan Izzudin",
        "status": true,
        "data": {
            "pertanyaan": "Binatang apa yang kalo dikasih obat malah mati?",
            "jawaban": "Nyamuk"
        }
    },
    {
        "creator": "@neoxrs – Wildan Izzudin",
        "status": true,
        "data": {
            "pertanyaan": "Cuman goyang-goyang kaki dapat duit. Siapakah dia?",
            "jawaban": "Tukang jahit"
        }
    },
    {
        "creator": "@neoxrs – Wildan Izzudin",
        "status": true,
        "data": {
            "pertanyaan": "Nasi apa yang nggak bisa hilang?",
            "jawaban": "Nasionalisme"
        }
    },
    {
        "creator": "@neoxrs – Wildan Izzudin",
        "status": true,
        "data": {
            "pertanyaan": "Air apa yang perlu digetok?",
            "jawaban": "Air keras"
        }
    },
    {
        "creator": "@neoxrs – Wildan Izzudin",
        "status": true,
        "data": {
            "pertanyaan": "Dianggap bertambah, tetapi nyatanya berkurang, apakah itu?",
            "jawaban": "Umur"
        }
    },
    {
        "creator": "@neoxrs – Wildan Izzudin",
        "status": true,
        "data": {
            "pertanyaan": "Kelapa apa yang bikin badan kurus?",
            "jawaban": "Kelaparan"
        }
    },
    {
        "creator": "@neoxrs – Wildan Izzudin",
        "status": true,
        "data": {
            "pertanyaan": "Apa bahasa arabnya diam ditempat?",
            "jawaban": "Takabur"
        }
    },
    {
        "creator": "@neoxrs – Wildan Izzudin",
        "status": true,
        "data": {
            "pertanyaan": "Ular apa yang paling digemari anak-anak?",
            "jawaban": "Ular tangga"
        }
    },
    {
        "creator": "@neoxrs – Wildan Izzudin",
        "status": true,
        "data": {
            "pertanyaan": "Bulu apa yang berat sekali?",
            "jawaban": "Bu Lurah"
        }
    },
    {
        "creator": "@neoxrs – Wildan Izzudin",
        "status": true,
        "data": {
            "pertanyaan": "Mobil apa yang hanya bisa dilihat di HP android dan iphone?",
            "jawaban": "Mobile legend"
        }
    },
    {
        "creator": "@neoxrs – Wildan Izzudin",
        "status": true,
        "data": {
            "pertanyaan": "Makan apa yang nggak bakal bikin kenyang?",
            "jawaban": "Makan waktu"
        }
    },
    {
        "creator": "@neoxrs – Wildan Izzudin",
        "status": true,
        "data": {
            "pertanyaan": "Mobil apa yang hanya bisa dilihat di HP android dan iphone?",
            "jawaban": "Mobile legend"
        }
    },
    {
        "creator": "@neoxrs – Wildan Izzudin",
        "status": true,
        "data": {
            "pertanyaan": "Apaan yang naik turun dibawah puser?",
            "jawaban": "Resleting"
        }
    },
    {
        "creator": "@neoxrs – Wildan Izzudin",
        "status": true,
        "data": {
            "pertanyaan": "Binatang apa yang paling banyak muridnya?",
            "jawaban": "Kanguru"
        }
    },
    {
        "creator": "@neoxrs – Wildan Izzudin",
        "status": true,
        "data": {
            "pertanyaan": "Apa yang dilakukan polisi ditengah jalan?",
            "jawaban": "Tidur"
        }
    },
    {
        "creator": "@neoxrs – Wildan Izzudin",
        "status": true,
        "data": {
            "pertanyaan": "Hakim apa yang tugasnya bukan di pengadilan?",
            "jawaban": "Hakim garis"
        }
    },
    {
        "creator": "@neoxrs – Wildan Izzudin",
        "status": true,
        "data": {
            "pertanyaan": "Binatang apa yang kalo dikasih obat malah mati?",
            "jawaban": "Nyamuk"
        }
    },
    {
        "creator": "@neoxrs – Wildan Izzudin",
        "status": true,
        "data": {
            "pertanyaan": "Kadal, kadal apa yang bikin sakit perut?",
            "jawaban": "Kadaluarsa"
        }
    },
    {
        "creator": "@neoxrs – Wildan Izzudin",
        "status": true,
        "data": {
            "pertanyaan": "Tong…. tong apa yang rasanya enak?",
            "jawaban": "Tongseng"
        }
    },
    {
        "creator": "@neoxrs – Wildan Izzudin",
        "status": true,
        "data": {
            "pertanyaan": "Hakim apa yang tugasnya bukan di pengadilan?",
            "jawaban": "Hakim garis"
        }
    },
    {
        "creator": "@neoxrs – Wildan Izzudin",
        "status": true,
        "data": {
            "pertanyaan": "Bulu apa yang berat sekali?",
            "jawaban": "Bu Lurah"
        }
    },
    {
        "creator": "@neoxrs – Wildan Izzudin",
        "status": true,
        "data": {
            "pertanyaan": "Anak apa yang larinya cepet?",
            "jawaban": "Anak panah"
        }
    },
    {
        "creator": "@neoxrs – Wildan Izzudin",
        "status": true,
        "data": {
            "pertanyaan": "Bel apa yang kalo dipencet bisa melukai?",
            "jawaban": "Beling"
        }
    },
    {
        "creator": "@neoxrs – Wildan Izzudin",
        "status": true,
        "data": {
            "pertanyaan": "Sapi apa yang larinya kenceng dan bisa ngerem?",
            "jawaban": "Sapida motor"
        }
    },
    {
        "creator": "@neoxrs – Wildan Izzudin",
        "status": true,
        "data": {
            "pertanyaan": "Paku apa yang ditakuti kuda?",
            "jawaban": "Pakusir"
        }
    },
    {
        "creator": "@neoxrs – Wildan Izzudin",
        "status": true,
        "data": {
            "pertanyaan": "Mata apa yang ukurannya sekitar 15 cm?",
            "jawaban": "Mata uang"
        }
    },
    {
        "creator": "@neoxrs – Wildan Izzudin",
        "status": true,
        "data": {
            "pertanyaan": "Kalu dia duduk malah lebih tinggi dari pada saat dia berdiri?",
            "jawaban": "Kucing duduk"
        }
    },
    {
        "creator": "@neoxrs – Wildan Izzudin",
        "status": true,
        "data": {
            "pertanyaan": "Mandi apa yang nggak bikin badan basah?",
            "jawaban": "Mandi bola"
        }
    },
    {
        "creator": "@neoxrs – Wildan Izzudin",
        "status": true,
        "data": {
            "pertanyaan": "Buah apa yang nggak bisa dipetik?",
            "jawaban": "Buah jatuh"
        }
    },
    {
        "creator": "@neoxrs – Wildan Izzudin",
        "status": true,
        "data": {
            "pertanyaan": "Rambut apa yang gak perlu disisir?",
            "jawaban": "Rambutan"
        }
    },
    {
        "creator": "@neoxrs – Wildan Izzudin",
        "status": true,
        "data": {
            "pertanyaan": "Kadal, kadal apa yang bikin sakit perut?",
            "jawaban": "Kadaluarsa"
        }
    },
    {
        "creator": "@neoxrs – Wildan Izzudin",
        "status": true,
        "data": {
            "pertanyaan": "Barang apa yang kalo perlu dibuang, kalo sudah nggak perlu malah diambil?",
            "jawaban": "Jangkar kapal"
        }
    },
    {
        "creator": "@neoxrs – Wildan Izzudin",
        "status": true,
        "data": {
            "pertanyaan": "Tangga apa yang nggak bisa ndinaiki?",
            "jawaban": "Tangga nada"
        }
    },
    {
        "creator": "@neoxrs – Wildan Izzudin",
        "status": true,
        "data": {
            "pertanyaan": "Apaan yang naik turun dibawah puser?",
            "jawaban": "Resleting"
        }
    },
    {
        "creator": "@neoxrs – Wildan Izzudin",
        "status": true,
        "data": {
            "pertanyaan": "Sambal yang berbahaya?",
            "jawaban": "Kesambal petir"
        }
    },
    {
        "creator": "@neoxrs – Wildan Izzudin",
        "status": true,
        "data": {
            "pertanyaan": "Resep apa yang dibayar harian?",
            "jawaban": "Resepsionis"
        }
    },
    {
        "creator": "@neoxrs – Wildan Izzudin",
        "status": true,
        "data": {
            "pertanyaan": "Game apa yang sangat mengerikan?",
            "jawaban": "Gamepa bumi"
        }
    },
    {
        "creator": "@neoxrs – Wildan Izzudin",
        "status": true,
        "data": {
            "pertanyaan": "Telor apa yang paling keras?",
            "jawaban": "Telortoar"
        }
    },
    {
        "creator": "@neoxrs – Wildan Izzudin",
        "status": true,
        "data": {
            "pertanyaan": "Seribu dibagi dua, jadi?",
            "jawaban": "Sobek"
        }
    },
    {
        "creator": "@neoxrs – Wildan Izzudin",
        "status": true,
        "data": {
            "pertanyaan": "Mata apa yang ukurannya sekitar 15 cm?",
            "jawaban": "Mata uang"
        }
    },
    {
        "creator": "@neoxrs – Wildan Izzudin",
        "status": true,
        "data": {
            "pertanyaan": "Binatang apa yang paling banyak lewat di jalan raya?",
            "jawaban": "Kijang"
        }
    },
    {
        "creator": "@neoxrs – Wildan Izzudin",
        "status": true,
        "data": {
            "pertanyaan": "Kue apa yang asem?",
            "jawaban": "Kuetek"
        }
    },
    {
        "creator": "@neoxrs – Wildan Izzudin",
        "status": true,
        "data": {
            "pertanyaan": "Sapi apa yang larinya kenceng dan bisa ngerem?",
            "jawaban": "Sapida motor"
        }
    },
    {
        "creator": "@neoxrs – Wildan Izzudin",
        "status": true,
        "data": {
            "pertanyaan": "Berdiri sama tinggi, duduk sama rendah, berlari sama …?",
            "jawaban": "Capeknya"
        }
    },
    {
        "creator": "@neoxrs – Wildan Izzudin",
        "status": true,
        "data": {
            "pertanyaan": "Tanah apa yang tidak bisa diwariskan?",
            "jawaban": "Tanah abang"
        }
    },
    {
        "creator": "@neoxrs – Wildan Izzudin",
        "status": true,
        "data": {
            "pertanyaan": "Kecoa apa yang masuk rumah sakit?",
            "jawaban": "Kecoalakaan"
        }
    },
    {
        "creator": "@neoxrs – Wildan Izzudin",
        "status": true,
        "data": {
            "pertanyaan": "Mata apa yang ukurannya sekitar 15 cm?",
            "jawaban": "Mata uang"
        }
    },
    {
        "creator": "@neoxrs – Wildan Izzudin",
        "status": true,
        "data": {
            "pertanyaan": "Telor apa yang paling keras?",
            "jawaban": "Telortoar"
        }
    },
    {
        "creator": "@neoxrs – Wildan Izzudin",
        "status": true,
        "data": {
            "pertanyaan": "Panjang, berbulu, kalo dimasukin harus pelan-pelan, kalau tidak nanti berdarah. Apa hayu?",
            "jawaban": "Sikat gigi"
        }
    },
    {
        "creator": "@neoxrs – Wildan Izzudin",
        "status": true,
        "data": {
            "pertanyaan": "Ban apa yang ganas larinya?",
            "jawaban": "Banteng"
        }
    },
    {
        "creator": "@neoxrs – Wildan Izzudin",
        "status": true,
        "data": {
            "pertanyaan": "Tari apa yang gerakannya tidak usah dipelajari?",
            "jawaban": "Tarik nafas"
        }
    },
    {
        "creator": "@neoxrs – Wildan Izzudin",
        "status": true,
        "data": {
            "pertanyaan": "Bola apa yang bikin kita bingung?",
            "jawaban": "Bolak-balik"
        }
    },
    {
        "creator": "@neoxrs – Wildan Izzudin",
        "status": true,
        "data": {
            "pertanyaan": "Makan gratis, minum gratis bahkan tidur pun juga gratis tapi anehnya tidak ada yang suka, tempat apakah itu?",
            "jawaban": "Penjara"
        }
    },
    {
        "creator": "@neoxrs – Wildan Izzudin",
        "status": true,
        "data": {
            "pertanyaan": "Ban apa yang enak dimakan?",
            "jawaban": "Bandeng"
        }
    },
    {
        "creator": "@neoxrs – Wildan Izzudin",
        "status": true,
        "data": {
            "pertanyaan": "Ular apa yang paling digemari anak-anak?",
            "jawaban": "Ular tangga"
        }
    },
    {
        "creator": "@neoxrs – Wildan Izzudin",
        "status": true,
        "data": {
            "pertanyaan": "Meski sudah dipotong, tapi tetap panjang, apakah itu?",
            "jawaban": "Kacang panjang"
        }
    },
    {
        "creator": "@neoxrs – Wildan Izzudin",
        "status": true,
        "data": {
            "pertanyaan": "Anak apa yang larinya cepet?",
            "jawaban": "Anak panah"
        }
    },
    {
        "creator": "@neoxrs – Wildan Izzudin",
        "status": true,
        "data": {
            "pertanyaan": "Anak, anaknya siapa yang selalu diinjak-injak?",
            "jawaban": "Anak tangga"
        }
    },
    {
        "creator": "@neoxrs – Wildan Izzudin",
        "status": true,
        "data": {
            "pertanyaan": "Resep apa yang dibayar harian?",
            "jawaban": "Resepsionis"
        }
    },
    {
        "creator": "@neoxrs – Wildan Izzudin",
        "status": true,
        "data": {
            "pertanyaan": "Meski sudah dipotong, tapi tetap panjang, apakah itu?",
            "jawaban": "Kacang panjang"
        }
    },
    {
        "creator": "@neoxrs – Wildan Izzudin",
        "status": true,
        "data": {
            "pertanyaan": "Kera apa yang bisa masuk botol",
            "jawaban": "Keratingdaeng"
        }
    },
    {
        "creator": "@neoxrs – Wildan Izzudin",
        "status": true,
        "data": {
            "pertanyaan": "Tari apa yang gerakannya tidak usah dipelajari?",
            "jawaban": "Tarik nafas"
        }
    },
    {
        "creator": "@neoxrs – Wildan Izzudin",
        "status": true,
        "data": {
            "pertanyaan": "Kue apa yang tengahnya ga ada rasanya?",
            "jawaban": "Donat"
        }
    },
    {
        "creator": "@neoxrs – Wildan Izzudin",
        "status": true,
        "data": {
            "pertanyaan": "Dari atas bisa terbang ke bawah, tetapi sudah sampai ke bawah nggak bisa terbang keatas lagi?",
            "jawaban": "Daun"
        }
    },
    {
        "creator": "@neoxrs – Wildan Izzudin",
        "status": true,
        "data": {
            "pertanyaan": "Benda apa yang pertumbuhannya dari panjang jadi pendek?",
            "jawaban": "Pensil"
        }
    },
    {
        "creator": "@neoxrs – Wildan Izzudin",
        "status": true,
        "data": {
            "pertanyaan": "Makan gratis, minum gratis bahkan tidur pun juga gratis tapi anehnya tidak ada yang suka, tempat apakah itu?",
            "jawaban": "Penjara"
        }
    },
    {
        "creator": "@neoxrs – Wildan Izzudin",
        "status": true,
        "data": {
            "pertanyaan": "Jamu apa yang kalau diminum merusak badan?",
            "jawaban": "Jamuran"
        }
    },
    {
        "creator": "@neoxrs – Wildan Izzudin",
        "status": true,
        "data": {
            "pertanyaan": "Tangga apa yang nggak bisa ndinaiki?",
            "jawaban": "Tangga nada"
        }
    },
    {
        "creator": "@neoxrs – Wildan Izzudin",
        "status": true,
        "data": {
            "pertanyaan": "Selat apa yang tidak dihimpit oleh dua pulau?",
            "jawaban": "Selatan"
        }
    },
    {
        "creator": "@neoxrs – Wildan Izzudin",
        "status": true,
        "data": {
            "pertanyaan": "Kera apa yang paling besar se-jawa barat?",
            "jawaban": "Kerawang"
        }
    },
    {
        "creator": "@neoxrs – Wildan Izzudin",
        "status": true,
        "data": {
            "pertanyaan": "Sate apa yang bisa terbang?",
            "jawaban": "Satelit"
        }
    },
    {
        "creator": "@neoxrs – Wildan Izzudin",
        "status": true,
        "data": {
            "pertanyaan": "Sate apa yang bisa terbang?",
            "jawaban": "Satelit"
        }
    },
    {
        "creator": "@neoxrs – Wildan Izzudin",
        "status": true,
        "data": {
            "pertanyaan": "Binatang apa yang kalo dikasih obat malah mati?",
            "jawaban": "Nyamuk"
        }
    },
    {
        "creator": "@neoxrs – Wildan Izzudin",
        "status": true,
        "data": {
            "pertanyaan": "Kera apa yang bisa masuk botol",
            "jawaban": "Keratingdaeng"
        }
    },
    {
        "creator": "@neoxrs – Wildan Izzudin",
        "status": true,
        "data": {
            "pertanyaan": "Bunga-bunga apa yang paling mahal?",
            "jawaban": "Bungalow"
        }
    },
    {
        "creator": "@neoxrs – Wildan Izzudin",
        "status": true,
        "data": {
            "pertanyaan": "Ayam apa yang nggak takut sama harimau?",
            "jawaban": "Ayam nekad"
        }
    }
]